,record_id,Antigen,BCR_id,Score,Rank
0,record_0,H4Hubei,BCR_6,-3.9483423233032227,0.04695304695304695
1,record_1,H4Hubei,BCR_7,-3.9478983879089355,0.04695304695304695
2,record_2,ova,BCR_11,-4.157856464385986,0.02097902097902098
3,record_3,ova,BCR_12,-4.159659385681152,0.01898101898101898
