,record_id,Antigen,BCR_id,Score
0,record_0,H4Hubei,BCR_6,-3.9708316326141357
1,record_1,H4Hubei,BCR_7,-3.9707298278808594
2,record_2,ova,BCR_11,-4.161136627197266
3,record_3,ova,BCR_12,-4.16290807723999
