,record_id,Antigen,BCR_id,Score
0,record_0,H4Hubei,BCR_6,-3.970834255218506
1,record_1,H4Hubei,BCR_7,-3.9707322120666504
2,record_2,ova,BCR_11,-4.161139011383057
3,record_3,ova,BCR_12,-4.162906646728516
