,record_id,Antigen,BCR_id,Score,Rank
0,record_0,H4Hubei,BCR_6,-3.970834255,0.584158416
1,record_1,H4Hubei,BCR_7,-3.970732212,0.584158416
0,record_2,ova,BCR_11,-4.161139011,0.021978022
1,record_3,ova,BCR_12,-4.162906647,0.020979021
