,record_id,Antigen,BCR_id,Score,Rank
0,record_0,H4Hubei,BCR_6,-3.948166847229004,0.04395604395604396
1,record_1,H4Hubei,BCR_7,-3.9477217197418213,0.04395604395604396
2,record_2,ova,BCR_11,-4.158405303955078,0.02197802197802198
3,record_3,ova,BCR_12,-4.160202980041504,0.02097902097902098
